obj_type,vpid,snomed_id,bnf_code,dmd_name,bnf_name,form_route
amp,317431008,7311000001104,0105010E0AAAAAA,Sulfasalazine 500mg tablets (A A H Pharmaceuticals Ltd),Sulfasalazine 500mg tablets,tablet.oral
amp,317431008,236111000001102,0105010E0AAAAAA,Sulfasalazine 500mg tablets (Mylan),Sulfasalazine 500mg tablets,tablet.oral
amp,317431008,236511000001106,0105010E0AAAAAA,Sulfasalazine 500mg tablets (Kent Pharmaceuticals Ltd),Sulfasalazine 500mg tablets,tablet.oral
amp,317431008,245311000001106,0105010E0AAAAAA,Sulfasalazine 500mg tablets (Actavis UK Ltd),Sulfasalazine 500mg tablets,tablet.oral
amp,317431008,681011000001104,0105010E0AAAAAA,Sulfasalazine 500mg tablets (Alliance Healthcare (Distribution) Ltd),Sulfasalazine 500mg tablets,tablet.oral
amp,317431008,7036811000001101,0105010E0AAAAAA,Sulfasalazine 500mg tablets (IVAX Pharmaceuticals UK Ltd),Sulfasalazine 500mg tablets,tablet.oral
amp,317431008,10649711000001102,0105010E0AAAAAA,Sulfasalazine 500mg tablets (Teva UK Ltd),Sulfasalazine 500mg tablets,tablet.oral
amp,317431008,11427611000001108,0105010E0AAAAAA,Sulfasalazine 500mg tablets (Almus Pharmaceuticals Ltd),Sulfasalazine 500mg tablets,tablet.oral
amp,317431008,13725511000001102,0105010E0AAAAAA,Sulfasalazine 500mg tablets (Ranbaxy (UK) Ltd),Sulfasalazine 500mg tablets,tablet.oral
amp,317431008,17802411000001105,0105010E0AAAAAA,Sulfasalazine 500mg tablets (Phoenix Healthcare Distribution Ltd),Sulfasalazine 500mg tablets,tablet.oral
amp,317431008,20327211000001107,0105010E0AAAAAA,Sulfasalazine 500mg tablets (Genesis Pharmaceuticals Ltd),Sulfasalazine 500mg tablets,tablet.oral
amp,317431008,21903411000001108,0105010E0AAAAAA,Sulfasalazine 500mg tablets (Waymade Healthcare Plc),Sulfasalazine 500mg tablets,tablet.oral
amp,317431008,28917711000001101,0105010E0AAAAAA,Sulfasalazine 500mg tablets (Crescent Pharma Ltd),Sulfasalazine 500mg tablets,tablet.oral
amp,317431008,30118011000001101,0105010E0AAAAAA,Sulfasalazine 500mg tablets (DE Pharmaceuticals),Sulfasalazine 500mg tablets,tablet.oral
amp,330040008,140911000001101,0105010E0AAABAB,Sulfasalazine 500mg gastro-resistant tablets (A A H Pharmaceuticals Ltd),Sulfasalazine 500mg gastro-resistant tablets,tabletgastro-resistant.oral
amp,330040008,180711000001106,0105010E0AAABAB,Sulfasalazine 500mg gastro-resistant tablets (Kent Pharmaceuticals Ltd),Sulfasalazine 500mg gastro-resistant tablets,tabletgastro-resistant.oral
amp,330040008,215611000001109,0105010E0AAABAB,Sulfasalazine 500mg gastro-resistant tablets (Actavis UK Ltd),Sulfasalazine 500mg gastro-resistant tablets,tabletgastro-resistant.oral
amp,330040008,422811000001105,0105010E0AAABAB,Sulfasalazine 500mg gastro-resistant tablets (Alliance Healthcare (Distribution) Ltd),Sulfasalazine 500mg gastro-resistant tablets,tabletgastro-resistant.oral
amp,330040008,9104011000001107,0105010E0AAABAB,Sulfasalazine 500mg gastro-resistant tablets (Mylan),Sulfasalazine 500mg gastro-resistant tablets,tabletgastro-resistant.oral
amp,330040008,15177111000001102,0105010E0AAABAB,Sulfasalazine 500mg gastro-resistant tablets (Sigma Pharmaceuticals Plc),Sulfasalazine 500mg gastro-resistant tablets,tabletgastro-resistant.oral
amp,330040008,17801611000001102,0105010E0AAABAB,Sulfasalazine 500mg gastro-resistant tablets (Phoenix Healthcare Distribution Ltd),Sulfasalazine 500mg gastro-resistant tablets,tabletgastro-resistant.oral
amp,330040008,21299311000001104,0105010E0AAABAB,Sulfasalazine 500mg gastro-resistant tablets (Teva UK Ltd),Sulfasalazine 500mg gastro-resistant tablets,tabletgastro-resistant.oral
amp,330040008,21902411000001104,0105010E0AAABAB,Sulfasalazine 500mg gastro-resistant tablets (Waymade Healthcare Plc),Sulfasalazine 500mg gastro-resistant tablets,tabletgastro-resistant.oral
amp,330040008,30117711000001100,0105010E0AAABAB,Sulfasalazine 500mg gastro-resistant tablets (DE Pharmaceuticals),Sulfasalazine 500mg gastro-resistant tablets,tabletgastro-resistant.oral
amp,330040008,30916611000001109,0105010E0AAABAB,Sulfasalazine 500mg gastro-resistant tablets (Mawdsley-Brooks & Company Ltd),Sulfasalazine 500mg gastro-resistant tablets,tabletgastro-resistant.oral
amp,330040008,37150811000001109,0105010E0AAABAB,Sulfasalazine 500mg gastro-resistant tablets (Genesis Pharmaceuticals Ltd),Sulfasalazine 500mg gastro-resistant tablets,tabletgastro-resistant.oral
amp,317430009,20143911000001101,0105010E0AAAEAE,Sulfasalazine 250mg/5ml oral suspension (Special Order),Sulfasalazine 250mg/5ml oral suspension,suspension.oral
amp,13395911000001101,13389711000001100,0105010E0AAAJAJ,Sulfasalazine 500mg/5ml oral suspension (Special Order),Sulfasalazine 500mg/5ml oral suspension,suspension.oral
amp,13395711000001103,13389111000001101,0105010E0AAAKAK,Sulfasalazine 125mg/5ml oral suspension (Special Order),Sulfasalazine 125mg/5ml oral suspension,suspension.oral
amp,13395811000001106,13389411000001106,0105010E0AAALAL,Sulfasalazine 200mg/5ml oral suspension (Special Order),Sulfasalazine 200mg/5ml oral suspension,suspension.oral
amp,13395611000001107,13388811000001101,0105010E0AAANAN,Sulfasalazine 100mg/5ml oral suspension (Special Order),Sulfasalazine 100mg/5ml oral suspension,suspension.oral
amp,16247411000001106,16223911000001109,0105010E0AAAPAP,Sulfasalazine 250mg/5ml oral suspension sugar free (Rosemont Pharmaceuticals Ltd),Sulfasalazine 250mg/5ml oral suspension sugar free,suspension.oral
amp,16247411000001106,16641711000001106,0105010E0AAAPAP,Sulfasalazine 250mg/5ml oral suspension sugar free (Alliance Healthcare (Distribution) Ltd),Sulfasalazine 250mg/5ml oral suspension sugar free,suspension.oral
amp,16247411000001106,16733811000001106,0105010E0AAAPAP,Sulfasalazine 250mg/5ml oral suspension sugar free (A A H Pharmaceuticals Ltd),Sulfasalazine 250mg/5ml oral suspension sugar free,suspension.oral
amp,16247411000001106,21903111000001103,0105010E0AAAPAP,Sulfasalazine 250mg/5ml oral suspension sugar free (Waymade Healthcare Plc),Sulfasalazine 250mg/5ml oral suspension sugar free,suspension.oral
amp,16247411000001106,37816511000001105,0105010E0AAAPAP,Sulfasalazine 250mg/5ml oral suspension sugar free (DE Pharmaceuticals),Sulfasalazine 250mg/5ml oral suspension sugar free,suspension.oral
amp,317431008,189511000001109,0105010E0BBAAAA,Salazopyrin 500mg tablets (Pfizer Ltd),Salazopyrin 500mg tablets,tablet.oral
amp,330040008,198211000001102,0105010E0BBABAB,Salazopyrin EN-Tabs 500mg (Pfizer Ltd),Salazopyrin EN-Tabs 500mg,tabletgastro-resistant.oral
amp,317432001,51611000001107,0105010E0BBACAC,Salazopyrin 500mg suppositories (Pfizer Ltd),Salazopyrin 500mg suppositories,suppository.rectal
amp,317433006,426911000001101,0105010E0BBADAD,Salazopyrin 3g/100ml enema (Pfizer Ltd),Salazopyrin 3g/100ml enema,suspensionenema.rectal
amp,317430009,40211000001102,0105010E0BBAEAE,Salazopyrin 250mg/5ml oral suspension (Pfizer Ltd),Salazopyrin 250mg/5ml oral suspension,suspension.oral
amp,330040008,499211000001108,0105010E0BCABAB,Sulazine EC 500mg tablets (Genesis Pharmaceuticals Ltd),Sulazine EC 500mg tablets (Genesis Pharm),tabletgastro-resistant.oral
amp,330040008,23447211000001104,0105010E0BCACAB,Sulazine EC 500mg tablets (Teva UK Ltd),Sulazine EC 500mg tablets (Teva),tabletgastro-resistant.oral
amp,326873001,22519811000001102,0801030L0AAAAAA,Mercaptopurine 50mg tablets (Aspen Pharma Trading Ltd),Mercaptopurine 50mg tablets,tablet.oral
amp,326873001,22673711000001106,0801030L0AAAAAA,Mercaptopurine 50mg tablets (Alliance Healthcare (Distribution) Ltd),Mercaptopurine 50mg tablets,tablet.oral
amp,326873001,34468011000001101,0801030L0AAAAAA,Mercaptopurine 50mg tablets (A A H Pharmaceuticals Ltd),Mercaptopurine 50mg tablets,tablet.oral
amp,18430611000001102,18413011000001107,0801030L0AAABAB,Mercaptopurine 10mg tablets (Special Order),Mercaptopurine 10mg tablets,tablet.oral
amp,18430611000001102,36476511000001106,0801030L0AAABAB,Mercaptopurine 10mg tablets (Imported (Germany)),Mercaptopurine 10mg tablets,tablet.oral
amp,12701611000001102,12695511000001106,0801030L0AAACAC,Mercaptopurine 5mg/5ml oral suspension (Special Order),Mercaptopurine 5mg/5ml oral suspension,suspension.oral
amp,12701511000001101,12695311000001100,0801030L0AAAFAF,Mercaptopurine 50mg/5ml oral suspension (Special Order),Mercaptopurine 50mg/5ml oral suspension,suspension.oral
amp,8796611000001103,8759711000001105,0801030L0AAAGAG,Mercaptopurine 10mg capsules (Special Order),Mercaptopurine 10mg capsules,capsule.oral
amp,8663711000001106,8613411000001101,0801030L0AAAHAH,Mercaptopurine 25mg/5ml oral suspension (Special Order),Mercaptopurine 25mg/5ml oral suspension,suspension.oral
amp,12701711000001106,12696211000001102,0801030L0AAAIAI,Mercaptopurine 75mg/5ml oral suspension (Special Order),Mercaptopurine 75mg/5ml oral suspension,suspension.oral
amp,20556311000001100,20538611000001107,0801030L0AAAJAJ,Mercaptopurine 25mg tablets (Special Order),Mercaptopurine 25mg tablets,tablet.oral
amp,20921111000001100,20886411000001102,0801030L0AAAKAK,Mercaptopurine 45mg/5ml oral suspension (Special Order),Mercaptopurine 45mg/5ml oral suspension,suspension.oral
amp,22154611000001102,22101211000001108,0801030L0AAALAL,Mercaptopurine 25mg capsules (Special Order),Mercaptopurine 25mg capsules,capsule.oral
amp,28366311000001107,28279111000001101,0801030L0AAAMAM,Mercaptopurine 30mg capsules (Special Order),Mercaptopurine 30mg capsules,capsule.oral
amp,28415311000001105,28397011000001105,0801030L0AAANAN,Mercaptopurine 75mg tablets (Special Order),Mercaptopurine 75mg tablets,tablet.oral
amp,31535311000001101,31508511000001107,0801030L0AAAPAP,Mercaptopurine 75mg capsules (Special Order),Mercaptopurine 75mg capsules,capsule.oral
amp,8663611000001102,8612811000001107,0801030L0AAAQAQ,Mercaptopurine 100mg/5ml oral suspension (Special Order),Mercaptopurine 20mg/ml oral suspension,suspension.oral
amp,36595711000001109,36582811000001109,0801030L0AAARAR,Mercaptopurine 20mg capsules (Special Order),Mercaptopurine 20mg capsules,capsule.oral
amp,36979111000001107,36959911000001107,0801030L0AAASAS,Mercaptopurine 12.5mg capsules (Special Order),Mercaptopurine 12.5mg capsules,capsule.oral
amp,326873001,3832911000001101,0801030L0BBAAAA,Puri-Nethol 50mg tablets (Aspen Pharma Trading Ltd),Puri-Nethol 50mg tablets,tablet.oral
amp,8663611000001102,21969411000001109,0801030L0BCABAQ,Xaluprine 20mg/ml oral suspension (Nova Laboratories Ltd),Xaluprine 20mg/ml oral suspension,suspension.oral
amp,326873001,37572111000001106,0801030L0BDAAAA,Hanixol 50mg tablets (Fontus Health Ltd),Hanixol 50mg tablets,tablet.oral
amp,327071005,338311000001105,0802010G0AAADAD,Azathioprine 25mg tablets (Kent Pharmaceuticals Ltd),Azathioprine 25mg tablets,tablet.oral
amp,327071005,544611000001107,0802010G0AAADAD,Azathioprine 25mg tablets (Mylan),Azathioprine 25mg tablets,tablet.oral
amp,327071005,611111000001100,0802010G0AAADAD,Azathioprine 25mg tablets (Alliance Healthcare (Distribution) Ltd),Azathioprine 25mg tablets,tablet.oral
amp,327071005,744711000001104,0802010G0AAADAD,Azathioprine 25mg tablets (A A H Pharmaceuticals Ltd),Azathioprine 25mg tablets,tablet.oral
amp,327071005,3695011000001108,0802010G0AAADAD,Azathioprine 25mg tablets (IVAX Pharmaceuticals UK Ltd),Azathioprine 25mg tablets,tablet.oral
amp,327071005,5866911000001101,0802010G0AAADAD,Azathioprine 25mg tablets (Actavis UK Ltd),Azathioprine 25mg tablets,tablet.oral
amp,327071005,8388611000001100,0802010G0AAADAD,Azathioprine 25mg tablets (Teva UK Ltd),Azathioprine 25mg tablets,tablet.oral
amp,327071005,13740711000001100,0802010G0AAADAD,Azathioprine 25mg tablets (Tillomed Laboratories Ltd),Azathioprine 25mg tablets,tablet.oral
amp,327071005,15070411000001103,0802010G0AAADAD,Azathioprine 25mg tablets (Sigma Pharmaceuticals Plc),Azathioprine 25mg tablets,tablet.oral
amp,327071005,17789111000001105,0802010G0AAADAD,Azathioprine 25mg tablets (Phoenix Healthcare Distribution Ltd),Azathioprine 25mg tablets,tablet.oral
amp,327071005,21780411000001106,0802010G0AAADAD,Azathioprine 25mg tablets (Waymade Healthcare Plc),Azathioprine 25mg tablets,tablet.oral
amp,327071005,22614111000001101,0802010G0AAADAD,Azathioprine 25mg tablets (DE Pharmaceuticals),Azathioprine 25mg tablets,tablet.oral
amp,327071005,24505211000001107,0802010G0AAADAD,Azathioprine 25mg tablets (Sandoz Ltd),Azathioprine 25mg tablets,tablet.oral
amp,327071005,29997811000001108,0802010G0AAADAD,Azathioprine 25mg tablets (Mawdsley-Brooks & Company Ltd),Azathioprine 25mg tablets,tablet.oral
amp,327070006,41911000001104,0802010G0AAAEAE,Azathioprine 50mg tablets (A A H Pharmaceuticals Ltd),Azathioprine 50mg tablets,tablet.oral
amp,327070006,178511000001107,0802010G0AAAEAE,Azathioprine 50mg tablets (IVAX Pharmaceuticals UK Ltd),Azathioprine 50mg tablets,tablet.oral
amp,327070006,339911000001103,0802010G0AAAEAE,Azathioprine 50mg tablets (Actavis UK Ltd),Azathioprine 50mg tablets,tablet.oral
amp,327070006,428011000001101,0802010G0AAAEAE,Azathioprine 50mg tablets (Sandoz Ltd),Azathioprine 50mg tablets,tablet.oral
amp,327070006,715511000001100,0802010G0AAAEAE,Azathioprine 50mg tablets (Teva UK Ltd),Azathioprine 50mg tablets,tablet.oral
amp,327070006,843311000001103,0802010G0AAAEAE,Azathioprine 50mg tablets (Mylan),Azathioprine 50mg tablets,tablet.oral
amp,327070006,863111000001105,0802010G0AAAEAE,Azathioprine 50mg tablets (Kent Pharmaceuticals Ltd),Azathioprine 50mg tablets,tablet.oral
amp,327070006,888811000001106,0802010G0AAAEAE,Azathioprine 50mg tablets (Alliance Healthcare (Distribution) Ltd),Azathioprine 50mg tablets,tablet.oral
amp,327070006,10288111000001102,0802010G0AAAEAE,Azathioprine 50mg tablets (Focus Pharmaceuticals Ltd),Azathioprine 50mg tablets,tablet.oral
amp,327070006,13386711000001105,0802010G0AAAEAE,Azathioprine 50mg tablets (Arrow Generics Ltd),Azathioprine 50mg tablets,tablet.oral
amp,327070006,13740911000001103,0802010G0AAAEAE,Azathioprine 50mg tablets (Tillomed Laboratories Ltd),Azathioprine 50mg tablets,tablet.oral
amp,327070006,15070611000001100,0802010G0AAAEAE,Azathioprine 50mg tablets (Sigma Pharmaceuticals Plc),Azathioprine 50mg tablets,tablet.oral
amp,327070006,17790011000001100,0802010G0AAAEAE,Azathioprine 50mg tablets (Phoenix Healthcare Distribution Ltd),Azathioprine 50mg tablets,tablet.oral
amp,327070006,18280311000001100,0802010G0AAAEAE,Azathioprine 50mg tablets (Strides Pharma UK Ltd),Azathioprine 50mg tablets,tablet.oral
amp,327070006,18497511000001105,0802010G0AAAEAE,Azathioprine 50mg tablets (Almus Pharmaceuticals Ltd),Azathioprine 50mg tablets,tablet.oral
amp,327070006,21780711000001100,0802010G0AAAEAE,Azathioprine 50mg tablets (Waymade Healthcare Plc),Azathioprine 50mg tablets,tablet.oral
amp,327070006,22615211000001108,0802010G0AAAEAE,Azathioprine 50mg tablets (DE Pharmaceuticals),Azathioprine 50mg tablets,tablet.oral
amp,327070006,27990111000001105,0802010G0AAAEAE,Azathioprine 50mg tablets (Ennogen Healthcare Ltd),Azathioprine 50mg tablets,tablet.oral
amp,327070006,29998111000001100,0802010G0AAAEAE,Azathioprine 50mg tablets (Mawdsley-Brooks & Company Ltd),Azathioprine 50mg tablets,tablet.oral
amp,327070006,36105511000001109,0802010G0AAAEAE,Azathioprine 50mg tablets (Ennogen Pharma Ltd),Azathioprine 50mg tablets,tablet.oral
amp,327070006,37077111000001106,0802010G0AAAEAE,Azathioprine 50mg tablets (Relonchem Ltd),Azathioprine 50mg tablets,tablet.oral
amp,8791311000001100,8733511000001103,0802010G0AAAHAH,Azathioprine 10mg capsules (Special Order),Azathioprine 10mg capsules,capsule.oral
amp,8308511000001103,8274811000001106,0802010G0AAAPAP,Azathioprine 50mg/5ml oral solution (Special Order),Azathioprine 50mg/5ml oral solution,solution.oral
amp,8308711000001108,8272311000001109,0802010G0AAAQAQ,Azathioprine 40mg/5ml oral solution (Special Order),Azathioprine 40mg/5ml oral liquid,solution.oral
amp,8308611000001104,8277711000001105,0802010G0AAAQAQ,Azathioprine 40mg/5ml oral suspension (Special Order),Azathioprine 40mg/5ml oral liquid,suspension.oral
amp,8282111000001104,8262811000001108,0802010G0AAARAR,Azathioprine 10mg/5ml oral solution (Special Order),Azathioprine 10mg/5ml oral liquid,solution.oral
amp,8282211000001105,8264111000001109,0802010G0AAARAR,Azathioprine 10mg/5ml oral suspension (Special Order),Azathioprine 10mg/5ml oral liquid,suspension.oral
amp,8284011000001106,8268711000001102,0802010G0AAASAS,Azathioprine 25mg/5ml oral solution (Special Order),Azathioprine 25mg/5ml oral solution,solution.oral
amp,8307911000001109,8279411000001108,0802010G0AAATAT,Azathioprine 75mg/5ml oral solution (Special Order),Azathioprine 75mg/5ml oral liquid,solution.oral
amp,8307811000001104,8280411000001108,0802010G0AAATAT,Azathioprine 75mg/5ml oral suspension (Special Order),Azathioprine 75mg/5ml oral liquid,suspension.oral
amp,8283111000001105,8263111000001107,0802010G0AAAUAU,Azathioprine 15mg/5ml oral solution (Special Order),Azathioprine 15mg/5ml oral liquid,solution.oral
amp,8283211000001104,8264311000001106,0802010G0AAAUAU,Azathioprine 15mg/5ml oral suspension (Special Order),Azathioprine 15mg/5ml oral liquid,suspension.oral
amp,8281911000001107,8259811000001108,0802010G0AAAVAV,Azathioprine 100mg/5ml oral solution (Special Order),Azathioprine 100mg/5ml oral solution,solution.oral
amp,8283811000001103,8267211000001105,0802010G0AAAWAW,Azathioprine 20mg/5ml oral solution (Special Order),Azathioprine 20mg/5ml oral solution,solution.oral
amp,12080511000001109,12068711000001104,0802010G0AAAXAX,Azathioprine 125mg/5ml oral suspension (Special Order),Azathioprine 125mg/5ml oral liquid,suspension.oral
amp,12080411000001105,12069011000001106,0802010G0AAAXAX,Azathioprine 125mg/5ml oral solution (Special Order),Azathioprine 125mg/5ml oral liquid,solution.oral
amp,8308311000001109,8273411000001106,0802010G0AAAYAY,Azathioprine 5mg/5ml oral solution (Special Order),Azathioprine 5mg/5ml oral liquid,solution.oral
amp,8308211000001101,8275911000001102,0802010G0AAAYAY,Azathioprine 5mg/5ml oral suspension (Special Order),Azathioprine 5mg/5ml oral liquid,suspension.oral
amp,12211911000001100,12212311000001105,0802010G0AABABA,Azathioprine 45mg/5ml oral suspension (Special Order),Azathioprine 45mg/5ml oral liquid,suspension.oral
amp,12221811000001102,12215411000001106,0802010G0AABABA,Azathioprine 45mg/5ml oral solution (Special Order),Azathioprine 45mg/5ml oral liquid,solution.oral
amp,12222411000001109,12214811000001107,0802010G0AABBBB,Azathioprine 7mg/5ml oral suspension (Special Order),Azathioprine 7mg/5ml oral liquid,suspension.oral
amp,12222311000001102,12217811000001103,0802010G0AABBBB,Azathioprine 7mg/5ml oral solution (Special Order),Azathioprine 7mg/5ml oral liquid,solution.oral
amp,8284211000001101,8268511000001107,0802010G0AABCBC,Azathioprine 30mg/5ml oral solution (Special Order),Azathioprine 30mg/5ml oral liquid,solution.oral
amp,8308811000001100,8269111000001105,0802010G0AABCBC,Azathioprine 30mg/5ml oral suspension (Special Order),Azathioprine 30mg/5ml oral liquid,suspension.oral
amp,8283311000001107,8264611000001101,0802010G0AABDBD,Azathioprine 17.5mg/5ml oral solution (Special Order),Azathioprine 17.5mg/5ml oral liquid,solution.oral
amp,8283411000001100,8266011000001103,0802010G0AABDBD,Azathioprine 17.5mg/5ml oral suspension (Special Order),Azathioprine 17.5mg/5ml oral liquid,suspension.oral
amp,12097311000001101,12093611000001103,0802010G0AABEBE,Azathioprine 35mg/5ml oral suspension (Special Order),Azathioprine 35mg/5ml oral liquid,suspension.oral
amp,12097211000001109,12093911000001109,0802010G0AABEBE,Azathioprine 35mg/5ml oral solution (Special Order),Azathioprine 35mg/5ml oral liquid,solution.oral
amp,12211811000001105,12209611000001109,0802010G0AABFBF,Azathioprine 37.5mg/5ml oral suspension (Special Order),Azathioprine 37.5mg/5ml oral liquid,suspension.oral
amp,12211711000001102,12210411000001104,0802010G0AABFBF,Azathioprine 37.5mg/5ml oral solution (Special Order),Azathioprine 37.5mg/5ml oral liquid,solution.oral
amp,8308111000001107,8288511000001105,0802010G0AABGBG,Azathioprine 60mg/5ml oral solution (Special Order),Azathioprine 60mg/5ml oral liquid,solution.oral
amp,8308011000001106,8290111000001102,0802010G0AABGBG,Azathioprine 60mg/5ml oral suspension (Special Order),Azathioprine 60mg/5ml oral liquid,suspension.oral
amp,12097111000001103,12093011000001105,0802010G0AABIBI,Azathioprine 200mg/5ml oral suspension (Special Order),Azathioprine 200mg/5ml oral liquid,suspension.oral
amp,12097011000001104,12093311000001108,0802010G0AABIBI,Azathioprine 200mg/5ml oral solution (Special Order),Azathioprine 200mg/5ml oral liquid,solution.oral
amp,12080711000001104,12070311000001107,0802010G0AABJBJ,Azathioprine 175mg/5ml oral suspension (Special Order),Azathioprine 175mg/5ml oral liquid,suspension.oral
amp,12080611000001108,12070911000001108,0802010G0AABJBJ,Azathioprine 175mg/5ml oral solution (Special Order),Azathioprine 175mg/5ml oral liquid,solution.oral
amp,12096911000001103,12092411000001105,0802010G0AABKBK,Azathioprine 17mg/5ml oral suspension (Special Order),Azathioprine 17mg/5ml oral liquid,suspension.oral
amp,12096811000001108,12092711000001104,0802010G0AABKBK,Azathioprine 17mg/5ml oral solution (Special Order),Azathioprine 17mg/5ml oral liquid,solution.oral
amp,8791511000001106,8742911000001104,0802010G0AABPBP,Azathioprine 5mg capsules (Special Order),Azathioprine 5mg capsules,capsule.oral
amp,8791411000001107,8743211000001102,0802010G0AABRBR,Azathioprine 30mg capsules (Special Order),Azathioprine 30mg capsules,capsule.oral
amp,8282511000001108,8265411000001103,0802010G0AABSBS,Azathioprine 12mg/5ml oral solution (Special Order),Azathioprine 12mg/5ml oral liquid,solution.oral
amp,8282611000001107,8266211000001108,0802010G0AABSBS,Azathioprine 12mg/5ml oral suspension (Special Order),Azathioprine 12mg/5ml oral liquid,suspension.oral
amp,12222011000001100,12213811000001109,0802010G0AABTBT,Azathioprine 4mg/5ml oral suspension (Special Order),Azathioprine 4mg/5ml oral liquid,suspension.oral
amp,12221911000001107,12216011000001106,0802010G0AABTBT,Azathioprine 4mg/5ml oral solution (Special Order),Azathioprine 4mg/5ml oral liquid,solution.oral
amp,8282311000001102,8260411000001105,0802010G0AABXBX,Azathioprine 120mg/5ml oral solution (Special Order),Azathioprine 120mg/5ml oral liquid,solution.oral
amp,8282411000001109,8260811000001107,0802010G0AABXBX,Azathioprine 120mg/5ml oral suspension (Special Order),Azathioprine 120mg/5ml oral liquid,suspension.oral
amp,8282911000001101,8261211000001100,0802010G0AABYBY,Azathioprine 150mg/5ml oral solution (Special Order),Azathioprine 150mg/5ml oral liquid,solution.oral
amp,8283011000001109,8262911000001103,0802010G0AABYBY,Azathioprine 150mg/5ml oral suspension (Special Order),Azathioprine 150mg/5ml oral liquid,suspension.oral
amp,12222211000001105,12214511000001109,0802010G0AABZBZ,Azathioprine 70mg/5ml oral suspension (Special Order),Azathioprine 70mg/5ml oral liquid,suspension.oral
amp,12222111000001104,12217411000001100,0802010G0AABZBZ,Azathioprine 70mg/5ml oral solution (Special Order),Azathioprine 70mg/5ml oral liquid,solution.oral
amp,8283511000001101,8265911000001106,0802010G0AACBCB,Azathioprine 2.5mg/5ml oral solution (Special Order),Azathioprine 2.5mg/5ml oral liquid,solution.oral
amp,8283611000001102,8267811000001106,0802010G0AACBCB,Azathioprine 2.5mg/5ml oral suspension (Special Order),Azathioprine 2.5mg/5ml oral liquid,suspension.oral
amp,12222611000001107,12215111000001101,0802010G0AACCCC,Azathioprine 80mg/5ml oral suspension (Special Order),Azathioprine 80mg/5ml oral liquid,suspension.oral
amp,12222511000001108,12218111000001106,0802010G0AACCCC,Azathioprine 80mg/5ml oral solution (Special Order),Azathioprine 80mg/5ml oral liquid,solution.oral
amp,8307711000001107,8291411000001103,0802010G0AACDCD,Azathioprine 90mg/5ml oral solution (Special Order),Azathioprine 90mg/5ml oral liquid,solution.oral
amp,8307511000001102,8292211000001109,0802010G0AACDCD,Azathioprine 90mg/5ml oral suspension (Special Order),Azathioprine 90mg/5ml oral liquid,suspension.oral
amp,8282711000001103,8262111000001101,0802010G0AACECE,Azathioprine 13mg/5ml oral solution (Special Order),Azathioprine 13mg/5ml oral liquid,solution.oral
amp,8282811000001106,8263511000001103,0802010G0AACECE,Azathioprine 13mg/5ml oral suspension (Special Order),Azathioprine 13mg/5ml oral liquid,suspension.oral
amp,16035911000001102,16012511000001109,0802010G0AACGCG,Azathioprine 250mg/5ml oral solution (Special Order),Azathioprine 250mg/5ml oral liquid,solution.oral
amp,16036011000001105,16014711000001109,0802010G0AACGCG,Azathioprine 250mg/5ml oral suspension (Special Order),Azathioprine 250mg/5ml oral liquid,suspension.oral
amp,8308411000001102,8278511000001101,0802010G0AACHCH,Azathioprine 50mg/5ml oral suspension (Drug Tariff Special Order),Azathioprine 50mg/5ml oral suspension,suspension.oral
amp,8284111000001107,8269711000001106,0802010G0AACICI,Azathioprine 25mg/5ml oral suspension (Drug Tariff Special Order),Azathioprine 25mg/5ml oral suspension,suspension.oral
amp,8282011000001100,8260111000001100,0802010G0AACJCJ,Azathioprine 100mg/5ml oral suspension (Drug Tariff Special Order),Azathioprine 100mg/5ml oral suspension,suspension.oral
amp,8283911000001108,8268111000001103,0802010G0AACKCK,Azathioprine 20mg/5ml oral suspension (Drug Tariff Special Order),Azathioprine 20mg/5ml oral suspension,suspension.oral
amp,31002111000001104,31000011000001104,0802010G0AACLCL,Azathioprine 65mg/5ml oral suspension (Special Order),Azathioprine 65mg/5ml oral suspension,suspension.oral
amp,327071005,284711000001102,0802010G0BCAAAD,Imuran 25mg tablets (Aspen Pharma Trading Ltd),Imuran 25mg tablets,tablet.oral
amp,327070006,675711000001108,0802010G0BCABAE,Imuran 50mg tablets (Aspen Pharma Trading Ltd),Imuran 50mg tablets,tablet.oral
amp,327072003,906711000001106,0802010G0BCACAA,Imuran 50mg powder for solution for injection vials (Aspen Pharma Trading Ltd),Imuran 50mg powder for solution for injection vials,solutioninjection.intravenous
amp,327070006,318611000001108,0802010G0BEAAAE,Immunoprin 50mg tablets (Ashbourne Pharmaceuticals Ltd),Immunoprin 50mg tablets,tablet.oral
amp,327070006,26658011000001100,0802010G0BHAAAE,Azapress 50mg tablets (Ennogen Pharma Ltd),Azapress 50mg tablets,tablet.oral
amp,327104000,18164311000001107,0802010M0AAAAAA,Mycophenolate mofetil 250mg capsules (Actavis UK Ltd),Mycophenolate mofetil 250mg capsules,capsule.oral
amp,327104000,18310411000001102,0802010M0AAAAAA,Mycophenolate mofetil 250mg capsules (A A H Pharmaceuticals Ltd),Mycophenolate mofetil 250mg capsules,capsule.oral
amp,327104000,18342411000001105,0802010M0AAAAAA,Mycophenolate mofetil 250mg capsules (Alliance Healthcare (Distribution) Ltd),Mycophenolate mofetil 250mg capsules,capsule.oral
amp,327104000,18464211000001103,0802010M0AAAAAA,Mycophenolate mofetil 250mg capsules (Accord Healthcare Ltd),Mycophenolate mofetil 250mg capsules,capsule.oral
amp,327104000,18477711000001105,0802010M0AAAAAA,Mycophenolate mofetil 250mg capsules (Dr Reddy's Laboratories (UK) Ltd),Mycophenolate mofetil 250mg capsules,capsule.oral
amp,327104000,18622711000001109,0802010M0AAAAAA,Mycophenolate mofetil 250mg capsules (Phoenix Healthcare Distribution Ltd),Mycophenolate mofetil 250mg capsules,capsule.oral
amp,327104000,18728911000001102,0802010M0AAAAAA,Mycophenolate mofetil 250mg capsules (Sigma Pharmaceuticals Plc),Mycophenolate mofetil 250mg capsules,capsule.oral
amp,327104000,20312011000001106,0802010M0AAAAAA,Mycophenolate mofetil 250mg capsules (Sandoz Ltd),Mycophenolate mofetil 250mg capsules,capsule.oral
amp,327104000,21808611000001106,0802010M0AAAAAA,Mycophenolate mofetil 250mg capsules (Waymade Healthcare Plc),Mycophenolate mofetil 250mg capsules,capsule.oral
amp,327104000,21842611000001101,0802010M0AAAAAA,Mycophenolate mofetil 250mg capsules (Cubic Pharmaceuticals Ltd),Mycophenolate mofetil 250mg capsules,capsule.oral
amp,327104000,22352411000001100,0802010M0AAAAAA,Mycophenolate mofetil 250mg capsules (AM Distributions (Yorkshire) Ltd),Mycophenolate mofetil 250mg capsules,capsule.oral
amp,327104000,22409911000001101,0802010M0AAAAAA,Mycophenolate mofetil 250mg capsules (DE Pharmaceuticals),Mycophenolate mofetil 250mg capsules,capsule.oral
amp,327104000,22605811000001106,0802010M0AAAAAA,Mycophenolate mofetil 250mg capsules (Colorama Pharmaceuticals Ltd),Mycophenolate mofetil 250mg capsules,capsule.oral
amp,327104000,23218811000001105,0802010M0AAAAAA,Mycophenolate mofetil 250mg capsules (J M McGill Ltd),Mycophenolate mofetil 250mg capsules,capsule.oral
amp,327104000,23958811000001104,0802010M0AAAAAA,Mycophenolate mofetil 250mg capsules (Niche Pharma Ltd),Mycophenolate mofetil 250mg capsules,capsule.oral
amp,327104000,24028011000001102,0802010M0AAAAAA,Mycophenolate mofetil 250mg capsules (CST Pharma Ltd),Mycophenolate mofetil 250mg capsules,capsule.oral
amp,327104000,24571011000001105,0802010M0AAAAAA,Mycophenolate mofetil 250mg capsules (Mawdsley-Brooks & Company Ltd),Mycophenolate mofetil 250mg capsules,capsule.oral
amp,327104000,25881711000001105,0802010M0AAAAAA,Mycophenolate mofetil 250mg capsules (Icarus Pharmaceuticals Ltd),Mycophenolate mofetil 250mg capsules,capsule.oral
amp,327104000,32424411000001104,0802010M0AAAAAA,Mycophenolate mofetil 250mg capsules (Kent Pharmaceuticals Ltd),Mycophenolate mofetil 250mg capsules,capsule.oral
amp,327106003,18164511000001101,0802010M0AAABAB,Mycophenolate mofetil 500mg tablets (Actavis UK Ltd),Mycophenolate mofetil 500mg tablets,tablet.oral
amp,327106003,18310611000001104,0802010M0AAABAB,Mycophenolate mofetil 500mg tablets (A A H Pharmaceuticals Ltd),Mycophenolate mofetil 500mg tablets,tablet.oral
amp,327106003,18342611000001108,0802010M0AAABAB,Mycophenolate mofetil 500mg tablets (Alliance Healthcare (Distribution) Ltd),Mycophenolate mofetil 500mg tablets,tablet.oral
amp,327106003,18412111000001102,0802010M0AAABAB,Mycophenolate mofetil 500mg tablets (Mylan),Mycophenolate mofetil 500mg tablets,tablet.oral
amp,327106003,18464411000001104,0802010M0AAABAB,Mycophenolate mofetil 500mg tablets (Accord Healthcare Ltd),Mycophenolate mofetil 500mg tablets,tablet.oral
amp,327106003,18477511000001100,0802010M0AAABAB,Mycophenolate mofetil 500mg tablets (Dr Reddy's Laboratories (UK) Ltd),Mycophenolate mofetil 500mg tablets,tablet.oral
amp,327106003,18622911000001106,0802010M0AAABAB,Mycophenolate mofetil 500mg tablets (Phoenix Healthcare Distribution Ltd),Mycophenolate mofetil 500mg tablets,tablet.oral
amp,327106003,18730111000001104,0802010M0AAABAB,Mycophenolate mofetil 500mg tablets (Sigma Pharmaceuticals Plc),Mycophenolate mofetil 500mg tablets,tablet.oral
amp,327106003,19429811000001107,0802010M0AAABAB,Mycophenolate motefil 500mg tablets (Wockhardt UK Ltd),Mycophenolate mofetil 500mg tablets,tablet.oral
amp,327106003,20312211000001101,0802010M0AAABAB,Mycophenolate motefil 500mg tablets (Sandoz Ltd),Mycophenolate mofetil 500mg tablets,tablet.oral
amp,327106003,21808811000001105,0802010M0AAABAB,Mycophenolate mofetil 500mg tablets (Waymade Healthcare Plc),Mycophenolate mofetil 500mg tablets,tablet.oral
amp,327106003,22464411000001109,0802010M0AAABAB,Mycophenolate mofetil 500mg tablets (Arrow Generics Ltd),Mycophenolate mofetil 500mg tablets,tablet.oral
amp,327106003,24405511000001101,0802010M0AAABAB,Mycophenolate mofetil 500mg tablets (DE Pharmaceuticals),Mycophenolate mofetil 500mg tablets,tablet.oral
amp,327106003,30849511000001103,0802010M0AAABAB,Mycophenolate mofetil 500mg tablets (Mawdsley-Brooks & Company Ltd),Mycophenolate mofetil 500mg tablets,tablet.oral
amp,327106003,32424611000001101,0802010M0AAABAB,Mycophenolate mofetil 500mg tablets (Kent Pharmaceuticals Ltd),Mycophenolate mofetil 500mg tablets,tablet.oral
amp,327106003,35725211000001106,0802010M0AAABAB,Mycophenolate mofetil 500mg tablets (Tillomed Laboratories Ltd),Mycophenolate mofetil 500mg tablets,tablet.oral
amp,13000511000001100,12986311000001108,0802010M0AAACAC,Mycophenolate mofetil 250mg/5ml oral suspension (Special Order),Mycophenolate mofetil 250mg/5ml oral suspension,suspension.oral
amp,13000611000001101,12987211000001103,0802010M0AAADAD,Mycophenolate mofetil 300mg/5ml oral suspension (Special Order),Mycophenolate mofetil 300mg/5ml oral suspension,suspension.oral
amp,13000711000001105,12988111000001105,0802010M0AAAEAE,Mycophenolate mofetil 500mg/5ml oral suspension (Special Order),Mycophenolate mofetil 500mg/5ml oral suspension,suspension.oral
amp,13000311000001106,12984311000001102,0802010M0AAAGAG,Mycophenolate mofetil 100mg/5ml oral suspension (Special Order),Mycophenolate mofetil 100mg/5ml oral suspension,suspension.oral
amp,327109005,33341411000001104,0802010M0AAAHAH,Mycophenolate mofetil 500mg powder for concentrate for solution for infusion vials (Accord Healthcare Ltd),Mycophenolate mofetil 500mg inf vials,solutioninfusion.intravenous
amp,13000411000001104,12984911000001101,0802010M0AAAIAI,Mycophenolate mofetil 125mg/5ml oral suspension (Special Order),Mycophenolate mofetil 125mg/5ml oral suspension,suspension.oral
amp,327104000,3659911000001102,0802010M0BBAAAA,CellCept 250mg capsules (Roche Products Ltd),CellCept 250mg capsules,capsule.oral
amp,327106003,3661611000001102,0802010M0BBABAB,CellCept 500mg tablets (Roche Products Ltd),CellCept 500mg tablets,tablet.oral
amp,327109005,4346311000001104,0802010M0BBADAH,CellCept 500mg powder for solution for infusion vials (Roche Products Ltd),CellCept 500mg powder for solution for infusion vials,solutioninfusion.intravenous
amp,4897811000001103,4881311000001100,0802010M0BBAEAJ,CellCept 1g/5ml oral suspension (Roche Products Ltd),CellCept 1g/5ml oral suspension,suspension.oral
amp,4897811000001103,4881311000001100,0802010M0BBAEAJ,CellCept 1g/5ml oral suspension (Roche Products Ltd),CellCept 1g/5ml oral suspension,suspension.gastroenteral
amp,327106003,18163911000001106,0802010M0BCAAAB,Myfenax 500mg tablets (Teva UK Ltd),Myfenax 500mg tablets,tablet.oral
amp,327104000,18164111000001105,0802010M0BCABAA,Myfenax 250mg capsules (Teva UK Ltd),Myfenax 250mg capsules,capsule.oral
amp,327104000,18166911000001100,0802010M0BDAAAA,Arzip 250mg capsules (Zentiva),Arzip 250mg capsules,capsule.oral
amp,327106003,18166711000001102,0802010M0BDABAB,Arzip 500mg tablets (Zentiva),Arzip 500mg tablets,tablet.oral
amp,327082002,16550511000001102,0802020G0AAACAC,Ciclosporin 25mg capsules (A A H Pharmaceuticals Ltd),Ciclosporin 25mg capsules,capsule.oral
amp,327082002,17856611000001101,0802020G0AAACAC,Ciclosporin 25mg capsules (Phoenix Healthcare Distribution Ltd),Ciclosporin 25mg capsules,capsule.oral
amp,327082002,21263111000001101,0802020G0AAACAC,Ciclosporin 25mg capsules (Sigma Pharmaceuticals Plc),Ciclosporin 25mg capsules,capsule.oral
amp,327082002,21835711000001102,0802020G0AAACAC,Ciclosporin 25mg capsules (Cubic Pharmaceuticals Ltd),Ciclosporin 25mg capsules,capsule.oral
amp,327082002,22408311000001108,0802020G0AAACAC,Ciclosporin 25mg capsules (DE Pharmaceuticals),Ciclosporin 25mg capsules,capsule.oral
amp,327082002,22604211000001109,0802020G0AAACAC,Ciclosporin 25mg capsules (Colorama Pharmaceuticals Ltd),Ciclosporin 25mg capsules,capsule.oral
amp,327082002,23428411000001104,0802020G0AAACAC,Ciclosporin 25mg capsules (J M McGill Ltd),Ciclosporin 25mg capsules,capsule.oral
amp,327082002,23936511000001102,0802020G0AAACAC,Ciclosporin 25mg capsules (Niche Pharma Ltd),Ciclosporin 25mg capsules,capsule.oral
amp,327082002,24157711000001107,0802020G0AAACAC,Ciclosporin 25mg capsules (Ethigen Ltd),Ciclosporin 25mg capsules,capsule.oral
amp,327082002,24519911000001104,0802020G0AAACAC,Ciclosporin 25mg capsules (Mawdsley-Brooks & Company Ltd),Ciclosporin 25mg capsules,capsule.oral
amp,327082002,25694011000001104,0802020G0AAACAC,Ciclosporin 25mg capsules (Icarus Pharmaceuticals Ltd),Ciclosporin 25mg capsules,capsule.oral
amp,327082002,26021211000001109,0802020G0AAACAC,Ciclosporin 25mg capsules (Ennogen Healthcare Ltd),Ciclosporin 25mg capsules,capsule.oral
amp,327082002,28122711000001107,0802020G0AAACAC,Ciclosporin 25mg capsules (Pharma-z Ltd),Ciclosporin 25mg capsules,capsule.oral
amp,327083007,16550911000001109,0802020G0AAADAD,Ciclosporin 100mg capsules (A A H Pharmaceuticals Ltd),Ciclosporin 100mg capsules,capsule.oral
amp,327083007,17857011000001106,0802020G0AAADAD,Ciclosporin 100mg capsules (Phoenix Healthcare Distribution Ltd),Ciclosporin 100mg capsules,capsule.oral
amp,327083007,21263511000001105,0802020G0AAADAD,Ciclosporin 100mg capsules (Sigma Pharmaceuticals Plc),Ciclosporin 100mg capsules,capsule.oral
amp,327083007,21835311000001101,0802020G0AAADAD,Ciclosporin 100mg capsules (Cubic Pharmaceuticals Ltd),Ciclosporin 100mg capsules,capsule.oral
amp,327083007,22408711000001107,0802020G0AAADAD,Ciclosporin 100mg capsules (DE Pharmaceuticals),Ciclosporin 100mg capsules,capsule.oral
amp,327083007,22604011000001104,0802020G0AAADAD,Ciclosporin 100mg capsules (Colorama Pharmaceuticals Ltd),Ciclosporin 100mg capsules,capsule.oral
amp,327083007,23428211000001103,0802020G0AAADAD,Ciclosporin 100mg capsules (J M McGill Ltd),Ciclosporin 100mg capsules,capsule.oral
amp,327083007,23936311000001108,0802020G0AAADAD,Ciclosporin 100mg capsules (Niche Pharma Ltd),Ciclosporin 100mg capsules,capsule.oral
amp,327083007,24113511000001103,0802020G0AAADAD,Ciclosporin 100mg capsules (Lexon (UK) Ltd),Ciclosporin 100mg capsules,capsule.oral
amp,327083007,24158111000001107,0802020G0AAADAD,Ciclosporin 100mg capsules (Ethigen Ltd),Ciclosporin 100mg capsules,capsule.oral
amp,327083007,24520311000001104,0802020G0AAADAD,Ciclosporin 100mg capsules (Mawdsley-Brooks & Company Ltd),Ciclosporin 100mg capsules,capsule.oral
amp,327083007,25695111000001104,0802020G0AAADAD,Ciclosporin 100mg capsules (Icarus Pharmaceuticals Ltd),Ciclosporin 100mg capsules,capsule.oral
amp,327083007,26019111000001108,0802020G0AAADAD,Ciclosporin 100mg capsules (Ennogen Healthcare Ltd),Ciclosporin 100mg capsules,capsule.oral
amp,327083007,28122211000001100,0802020G0AAADAD,Ciclosporin 100mg capsules (Pharma-z Ltd),Ciclosporin 100mg capsules,capsule.oral
amp,327085000,16550711000001107,0802020G0AAAFAF,Ciclosporin 50mg capsules (A A H Pharmaceuticals Ltd),Ciclosporin 50mg capsules,capsule.oral
amp,327085000,17856811000001102,0802020G0AAAFAF,Ciclosporin 50mg capsules (Phoenix Healthcare Distribution Ltd),Ciclosporin 50mg capsules,capsule.oral
amp,327085000,21263311000001104,0802020G0AAAFAF,Ciclosporin 50mg capsules (Sigma Pharmaceuticals Plc),Ciclosporin 50mg capsules,capsule.oral
amp,327085000,21835511000001107,0802020G0AAAFAF,Ciclosporin 50mg capsules (Cubic Pharmaceuticals Ltd),Ciclosporin 50mg capsules,capsule.oral
amp,327085000,22408511000001102,0802020G0AAAFAF,Ciclosporin 50mg capsules (DE Pharmaceuticals),Ciclosporin 50mg capsules,capsule.oral
amp,327085000,22604411000001108,0802020G0AAAFAF,Ciclosporin 50mg capsules (Colorama Pharmaceuticals Ltd),Ciclosporin 50mg capsules,capsule.oral
amp,327085000,23428611000001101,0802020G0AAAFAF,Ciclosporin 50mg capsules (J M McGill Ltd),Ciclosporin 50mg capsules,capsule.oral
amp,327085000,23936711000001107,0802020G0AAAFAF,Ciclosporin 50mg capsules (Niche Pharma Ltd),Ciclosporin 50mg capsules,capsule.oral
amp,327085000,24157911000001109,0802020G0AAAFAF,Ciclosporin 50mg capsules (Ethigen Ltd),Ciclosporin 50mg capsules,capsule.oral
amp,327085000,24520111000001101,0802020G0AAAFAF,Ciclosporin 50mg capsules (Mawdsley-Brooks & Company Ltd),Ciclosporin 50mg capsules,capsule.oral
amp,327085000,25694711000001102,0802020G0AAAFAF,Ciclosporin 50mg capsules (Icarus Pharmaceuticals Ltd),Ciclosporin 50mg capsules,capsule.oral
amp,327085000,26022211000001102,0802020G0AAAFAF,Ciclosporin 50mg capsules (Ennogen Healthcare Ltd),Ciclosporin 50mg capsules,capsule.oral
amp,327085000,28123311000001103,0802020G0AAAFAF,Ciclosporin 50mg capsules (Pharma-z Ltd),Ciclosporin 50mg capsules,capsule.oral
amp,36139311000001109,3490711000001103,0802020G0BBAAAG,Sandimmun 100mg/ml oral solution (Novartis Pharmaceuticals UK Ltd),Sandimmun 100mg/ml oral solution,solution.oral
amp,36139511000001103,88611000001108,0802020G0BBABAE,Sandimmun 250mg/5ml concentrate for solution for infusion ampoules (Novartis Pharmaceuticals UK Ltd),Sandimmun 250mg/5ml concentrate for inf ampoules,solutioninfusion.intravenous
amp,36140311000001101,911911000001101,0802020G0BBACAA,Sandimmun 50mg/1ml concentrate for solution for infusion ampoules (Novartis Pharmaceuticals UK Ltd),Sandimmun 50mg/1ml concentrate for inf ampoules,solutioninfusion.intravenous
amp,327082002,347811000001104,0802020G0BBADAC,Sandimmun 25mg capsules (Novartis Pharmaceuticals UK Ltd),Sandimmun 25mg capsules,capsule.oral
amp,327083007,172611000001109,0802020G0BBAEAD,Sandimmun 100mg capsules (Novartis Pharmaceuticals UK Ltd),Sandimmun 100mg capsules,capsule.oral
amp,327085000,638611000001108,0802020G0BBAFAF,Sandimmun 50mg capsules (Novartis Pharmaceuticals UK Ltd),Sandimmun 50mg capsules,capsule.oral
amp,36139311000001109,3490411000001109,0802020G0BCAAAG,Neoral 100mg/ml oral solution (Novartis Pharmaceuticals UK Ltd),Neoral 100mg/ml oral solution,solution.oral
amp,327082002,660811000001100,0802020G0BCABAC,Neoral 25mg capsules (Novartis Pharmaceuticals UK Ltd),Neoral 25mg capsules,capsule.oral
amp,327085000,319211000001101,0802020G0BCACAF,Neoral 50mg capsules (Novartis Pharmaceuticals UK Ltd),Neoral 50mg capsules,capsule.oral
amp,327083007,456811000001107,0802020G0BCADAD,Neoral 100mg capsules (Novartis Pharmaceuticals UK Ltd),Neoral 100mg capsules,capsule.oral
amp,327090002,303511000001103,0802020G0BCAEAH,Neoral 10mg capsules (Novartis Pharmaceuticals UK Ltd),Neoral 10mg capsules,capsule.oral
amp,327082002,16306511000001107,0802020G0BEAAAC,Deximune 25mg capsules (Dexcel-Pharma Ltd),Deximune 25mg capsules,capsule.oral
amp,327085000,16306711000001102,0802020G0BEABAF,Deximune 50mg capsules (Dexcel-Pharma Ltd),Deximune 50mg capsules,capsule.oral
amp,327083007,16306911000001100,0802020G0BEACAD,Deximune 100mg capsules (Dexcel-Pharma Ltd),Deximune 100mg capsules,capsule.oral
amp,327082002,17666911000001105,0802020G0BFAAAC,Capimune 25mg capsules (Mylan),Capimune 25mg capsules,capsule.oral
amp,327085000,17665611000001109,0802020G0BFABAF,Capimune 50mg capsules (Mylan),Capimune 50mg capsules,capsule.oral
amp,327083007,17665811000001108,0802020G0BFACAD,Capimune 100mg capsules (Mylan),Capimune 100mg capsules,capsule.oral
amp,327083007,19376911000001102,0802020G0BGAAAD,Capsorin 100mg capsules (Morningside Healthcare Ltd),Capsorin 100mg capsules,capsule.oral
amp,327085000,19377111000001102,0802020G0BGABAF,Capsorin 50mg capsules (Morningside Healthcare Ltd),Capsorin 50mg capsules,capsule.oral
amp,327082002,19377311000001100,0802020G0BGACAC,Capsorin 25mg capsules (Morningside Healthcare Ltd),Capsorin 25mg capsules,capsule.oral
amp,36139311000001109,35206711000001106,0802020G0BGADAG,Capsorin 100mg/ml oral solution (Morningside Healthcare Ltd),Capsorin 100mg/ml oral solution,solution.oral
amp,327082002,28335911000001108,0802020G0BHAAAC,Vanquoral 25mg capsules (Teva UK Ltd),Vanquoral 25mg capsules,capsule.oral
amp,327085000,28337411000001106,0802020G0BHABAF,Vanquoral 50mg capsules (Teva UK Ltd),Vanquoral 50mg capsules,capsule.oral
amp,327083007,28338911000001102,0802020G0BHACAD,Vanquoral 100mg capsules (Teva UK Ltd),Vanquoral 100mg capsules,capsule.oral
amp,327090002,29934611000001109,0802020G0BHADAH,Vanquoral 10mg capsules (Teva UK Ltd),Vanquoral 10mg capsules,capsule.oral
amp,330026007,483011000001100,1001030F0AAAEAE,Penicillamine 125mg tablets (Alliance Healthcare (Distribution) Ltd),Penicillamine 125mg tablets,tablet.oral
amp,330026007,498611000001101,1001030F0AAAEAE,Penicillamine 125mg tablets (Kent Pharmaceuticals Ltd),Penicillamine 125mg tablets,tablet.oral
amp,330026007,690211000001104,1001030F0AAAEAE,Penicillamine 125mg tablets (Teva UK Ltd),Penicillamine 125mg tablets,tablet.oral
amp,330026007,745811000001108,1001030F0AAAEAE,Penicillamine 125mg tablets (Mylan),Penicillamine 125mg tablets,tablet.oral
amp,330026007,841011000001102,1001030F0AAAEAE,Penicillamine 125mg tablets (Actavis UK Ltd),Penicillamine 125mg tablets,tablet.oral
amp,330026007,900111000001107,1001030F0AAAEAE,Penicillamine 125mg tablets (A A H Pharmaceuticals Ltd),Penicillamine 125mg tablets,tablet.oral
amp,330026007,17953911000001107,1001030F0AAAEAE,Penicillamine 125mg tablets (Phoenix Healthcare Distribution Ltd),Penicillamine 125mg tablets,tablet.oral
amp,330026007,21842511000001100,1001030F0AAAEAE,Penicillamine 125mg tablets (Waymade Healthcare Plc),Penicillamine 125mg tablets,tablet.oral
amp,330026007,29983111000001105,1001030F0AAAEAE,Penicillamine 125mg tablets (Sigma Pharmaceuticals Plc),Penicillamine 125mg tablets,tablet.oral
amp,330026007,30074711000001109,1001030F0AAAEAE,Penicillamine 125mg tablets (DE Pharmaceuticals),Penicillamine 125mg tablets,tablet.oral
amp,330027003,41411000001107,1001030F0AAAFAF,Penicillamine 250mg tablets (Mylan),Penicillamine 250mg tablets,tablet.oral
amp,330027003,336111000001109,1001030F0AAAFAF,Penicillamine 250mg tablets (A A H Pharmaceuticals Ltd),Penicillamine 250mg tablets,tablet.oral
amp,330027003,366611000001106,1001030F0AAAFAF,Penicillamine 250mg tablets (Teva UK Ltd),Penicillamine 250mg tablets,tablet.oral
amp,330027003,764611000001101,1001030F0AAAFAF,Penicillamine 250mg tablets (Alliance Healthcare (Distribution) Ltd),Penicillamine 250mg tablets,tablet.oral
amp,330027003,795511000001101,1001030F0AAAFAF,Penicillamine 250mg tablets (Actavis UK Ltd),Penicillamine 250mg tablets,tablet.oral
amp,330027003,939011000001105,1001030F0AAAFAF,Penicillamine 250mg tablets (Kent Pharmaceuticals Ltd),Penicillamine 250mg tablets,tablet.oral
amp,330027003,17954111000001106,1001030F0AAAFAF,Penicillamine 250mg tablets (Phoenix Healthcare Distribution Ltd),Penicillamine 250mg tablets,tablet.oral
amp,330027003,21842911000001107,1001030F0AAAFAF,Penicillamine 250mg tablets (Waymade Healthcare Plc),Penicillamine 250mg tablets,tablet.oral
amp,330027003,30074911000001106,1001030F0AAAFAF,Penicillamine 250mg tablets (DE Pharmaceuticals),Penicillamine 250mg tablets,tablet.oral
amp,13005111000001101,12986711000001107,1001030F0AAAIAI,Penicillamine 250mg/5ml oral solution (Special Order),Penicillamine 250mg/5ml oral solution,solution.oral
amp,13005011000001102,12986111000001106,1001030F0AAAJAJ,Penicillamine 125mg/5ml oral solution (Special Order),Penicillamine 125mg/5ml oral solution,solution.oral
amp,13005211000001107,12987611000001101,1001030F0AAAKAK,Penicillamine 50mg/5ml oral solution (Special Order),Penicillamine 50mg/5ml oral solution,solution.oral
amp,33596211000001104,33579311000001108,1001030F0AAALAL,Penicillamine 250mg/5ml oral suspension (Special Order),Penicillamine 250mg/5ml oral suspension,suspension.oral
amp,330026007,98511000001108,1001030F0BBABAE,Distamine 125mg tablets (Alliance Pharmaceuticals Ltd),Distamine 125mg tablets,tablet.oral
amp,330027003,13711000001108,1001030F0BBACAF,Distamine 250mg tablets (Alliance Pharmaceuticals Ltd),Distamine 250mg tablets,tablet.oral
amp,37281111000001101,37270111000001102,1001030F0BDAAAM,Metalcaptase gastro-resistant 150mg tablets (Imported (Germany)),Metalcaptase gastro-resistant 150mg tablets,tabletgastro-resistant.oral
amp,37281511000001105,37270911000001104,1001030F0BDABAN,Metalcaptase gastro-resistant 300mg tablets (Imported (Germany)),Metalcaptase gastro-resistant 300mg tablets,tabletgastro-resistant.oral
amp,330057007,18172711000001109,1001030L0AAAAAA,Leflunomide 10mg tablets (medac UK),Leflunomide 10mg tablets,tablet.oral
amp,330057007,18342011000001101,1001030L0AAAAAA,Leflunomide 10mg tablets (Alliance Healthcare (Distribution) Ltd),Leflunomide 10mg tablets,tablet.oral
amp,330057007,18756811000001107,1001030L0AAAAAA,Leflunomide 10mg tablets (A A H Pharmaceuticals Ltd),Leflunomide 10mg tablets,tablet.oral
amp,330057007,18810411000001100,1001030L0AAAAAA,Leflunomide 10mg tablets (Teva UK Ltd),Leflunomide 10mg tablets,tablet.oral
amp,330057007,19783111000001102,1001030L0AAAAAA,Leflunomide 10mg tablets (Actavis UK Ltd),Leflunomide 10mg tablets,tablet.oral
amp,330057007,20290211000001108,1001030L0AAAAAA,Leflunomide 10mg tablets (Sandoz Ltd),Leflunomide 10mg tablets,tablet.oral
amp,330057007,20839511000001103,1001030L0AAAAAA,Leflunomide 10mg tablets (Aspire Pharma Ltd),Leflunomide 10mg tablets,tablet.oral
amp,330057007,20914411000001104,1001030L0AAAAAA,Leflunomide 10mg tablets (Zentiva),Leflunomide 10mg tablets,tablet.oral
amp,330057007,22063011000001107,1001030L0AAAAAA,Leflunomide 10mg tablets (Waymade Healthcare Plc),Leflunomide 10mg tablets,tablet.oral
amp,330057007,24116711000001101,1001030L0AAAAAA,Leflunomide 10mg tablets (Morningside Healthcare Ltd),Leflunomide 10mg tablets,tablet.oral
amp,330057007,24363111000001104,1001030L0AAAAAA,Leflunomide 10mg tablets (DE Pharmaceuticals),Leflunomide 10mg tablets,tablet.oral
amp,330057007,29884411000001106,1001030L0AAAAAA,Leflunomide 10mg tablets (Sigma Pharmaceuticals Plc),Leflunomide 10mg tablets,tablet.oral
amp,330057007,30219011000001109,1001030L0AAAAAA,Leflunomide 10mg tablets (Mawdsley-Brooks & Company Ltd),Leflunomide 10mg tablets,tablet.oral
amp,330057007,33592411000001101,1001030L0AAAAAA,Leflunomide 10mg tablets (Mylan),Leflunomide 10mg tablets,tablet.oral
amp,330057007,37574311000001101,1001030L0AAAAAA,Leflunomide 10mg tablets (Relonchem Ltd),Leflunomide 10mg tablets,tablet.oral
amp,330058002,18172911000001106,1001030L0AAABAB,Leflunomide 20mg tablets (medac UK),Leflunomide 20mg tablets,tablet.oral
amp,330058002,18342211000001106,1001030L0AAABAB,Leflunomide 20mg tablets (Alliance Healthcare (Distribution) Ltd),Leflunomide 20mg tablets,tablet.oral
amp,330058002,18757211000001108,1001030L0AAABAB,Leflunomide 20mg tablets (A A H Pharmaceuticals Ltd),Leflunomide 20mg tablets,tablet.oral
amp,330058002,18812611000001101,1001030L0AAABAB,Leflunomide 20mg tablets (Teva UK Ltd),Leflunomide 20mg tablets,tablet.oral
amp,330058002,19783511000001106,1001030L0AAABAB,Leflunomide 20mg tablets (Actavis UK Ltd),Leflunomide 20mg tablets,tablet.oral
amp,330058002,20290411000001107,1001030L0AAABAB,Leflunomide 20mg tablets (Sandoz Ltd),Leflunomide 20mg tablets,tablet.oral
amp,330058002,20839811000001100,1001030L0AAABAB,Leflunomide 20mg tablets (Aspire Pharma Ltd),Leflunomide 20mg tablets,tablet.oral
amp,330058002,20914611000001101,1001030L0AAABAB,Leflunomide 20mg tablets (Zentiva),Leflunomide 20mg tablets,tablet.oral
amp,330058002,22063211000001102,1001030L0AAABAB,Leflunomide 20mg tablets (Waymade Healthcare Plc),Leflunomide 20mg tablets,tablet.oral
amp,330058002,24116911000001104,1001030L0AAABAB,Leflunomide 20mg tablets (Morningside Healthcare Ltd),Leflunomide 20mg tablets,tablet.oral
amp,330058002,24363311000001102,1001030L0AAABAB,Leflunomide 20mg tablets (DE Pharmaceuticals),Leflunomide 20mg tablets,tablet.oral
amp,330058002,29884611000001109,1001030L0AAABAB,Leflunomide 20mg tablets (Sigma Pharmaceuticals Plc),Leflunomide 20mg tablets,tablet.oral
amp,330058002,33592811000001104,1001030L0AAABAB,Leflunomide 20mg tablets (Mylan),Leflunomide 20mg tablets,tablet.oral
amp,330058002,37574511000001107,1001030L0AAABAB,Leflunomide 20mg tablets (Relonchem Ltd),Leflunomide 20mg tablets,tablet.oral
amp,24408011000001101,24376811000001107,1001030L0AAADAD,Leflunomide 15mg tablets (medac UK),Leflunomide 15mg tablets,tablet.oral
amp,24408011000001101,24775211000001101,1001030L0AAADAD,Leflunomide 15mg tablets (Alliance Healthcare (Distribution) Ltd),Leflunomide 15mg tablets,tablet.oral
amp,330057007,499111000001102,1001030L0BBAAAA,Arava 10mg tablets (Sanofi),Arava 10mg tablets,tablet.oral
amp,330058002,62411000001105,1001030L0BBABAB,Arava 20mg tablets (Sanofi),Arava 20mg tablets,tablet.oral
amp,330059005,404111000001101,1001030L0BBACAC,Arava 100mg tablets (Sanofi),Arava 100mg tablets,tablet.oral
vmp,317431008,317431008,0105010E0AAAAAA,Sulfasalazine 500mg tablets,Sulfasalazine 500mg tablets,tablet.oral
vmp,330040008,330040008,0105010E0AAABAB,Sulfasalazine 500mg gastro-resistant tablets,Sulfasalazine 500mg gastro-resistant tablets,tabletgastro-resistant.oral
vmp,317432001,317432001,0105010E0AAACAC,Sulfasalazine 500mg suppositories,Sulfasalazine 500mg suppositories,suppository.rectal
vmp,317433006,317433006,0105010E0AAADAD,Sulfasalazine 3g/100ml retention enema,Sulfasalazine 3g/100ml retention enema,suspensionenema.rectal
vmp,317430009,317430009,0105010E0AAAEAE,Sulfasalazine 250mg/5ml oral suspension,Sulfasalazine 250mg/5ml oral suspension,suspension.oral
vmp,13395911000001101,13395911000001101,0105010E0AAAJAJ,Sulfasalazine 500mg/5ml oral suspension,Sulfasalazine 500mg/5ml oral suspension,suspension.oral
vmp,13395711000001103,13395711000001103,0105010E0AAAKAK,Sulfasalazine 125mg/5ml oral suspension,Sulfasalazine 125mg/5ml oral suspension,suspension.oral
vmp,13395811000001106,13395811000001106,0105010E0AAALAL,Sulfasalazine 200mg/5ml oral suspension,Sulfasalazine 200mg/5ml oral suspension,suspension.oral
vmp,13395611000001107,13395611000001107,0105010E0AAANAN,Sulfasalazine 100mg/5ml oral suspension,Sulfasalazine 100mg/5ml oral suspension,suspension.oral
vmp,16247411000001106,16247411000001106,0105010E0AAAPAP,Sulfasalazine 250mg/5ml oral suspension sugar free,Sulfasalazine 250mg/5ml oral suspension sugar free,suspension.oral
vmp,326873001,326873001,0801030L0AAAAAA,Mercaptopurine 50mg tablets,Mercaptopurine 50mg tablets,tablet.oral
vmp,18430611000001102,18430611000001102,0801030L0AAABAB,Mercaptopurine 10mg tablets,Mercaptopurine 10mg tablets,tablet.oral
vmp,12701611000001102,12701611000001102,0801030L0AAACAC,Mercaptopurine 5mg/5ml oral suspension,Mercaptopurine 5mg/5ml oral suspension,suspension.oral
vmp,12701511000001101,12701511000001101,0801030L0AAAFAF,Mercaptopurine 50mg/5ml oral suspension,Mercaptopurine 50mg/5ml oral suspension,suspension.oral
vmp,8796611000001103,8796611000001103,0801030L0AAAGAG,Mercaptopurine 10mg capsules,Mercaptopurine 10mg capsules,capsule.oral
vmp,8663711000001106,8663711000001106,0801030L0AAAHAH,Mercaptopurine 25mg/5ml oral suspension,Mercaptopurine 25mg/5ml oral suspension,suspension.oral
vmp,12701711000001106,12701711000001106,0801030L0AAAIAI,Mercaptopurine 75mg/5ml oral suspension,Mercaptopurine 75mg/5ml oral suspension,suspension.oral
vmp,20556311000001100,20556311000001100,0801030L0AAAJAJ,Mercaptopurine 25mg tablets,Mercaptopurine 25mg tablets,tablet.oral
vmp,20921111000001100,20921111000001100,0801030L0AAAKAK,Mercaptopurine 45mg/5ml oral suspension,Mercaptopurine 45mg/5ml oral suspension,suspension.oral
vmp,22154611000001102,22154611000001102,0801030L0AAALAL,Mercaptopurine 25mg capsules,Mercaptopurine 25mg capsules,capsule.oral
vmp,28366311000001107,28366311000001107,0801030L0AAAMAM,Mercaptopurine 30mg capsules,Mercaptopurine 30mg capsules,capsule.oral
vmp,28415311000001105,28415311000001105,0801030L0AAANAN,Mercaptopurine 75mg tablets,Mercaptopurine 75mg tablets,tablet.oral
vmp,31535311000001101,31535311000001101,0801030L0AAAPAP,Mercaptopurine 75mg capsules,Mercaptopurine 75mg capsules,capsule.oral
vmp,8663611000001102,8663611000001102,0801030L0AAAQAQ,Mercaptopurine 20mg/ml oral suspension,Mercaptopurine 20mg/ml oral suspension,suspension.oral
vmp,36595711000001109,36595711000001109,0801030L0AAARAR,Mercaptopurine 20mg capsules,Mercaptopurine 20mg capsules,capsule.oral
vmp,36979111000001107,36979111000001107,0801030L0AAASAS,Mercaptopurine 12.5mg capsules,Mercaptopurine 12.5mg capsules,capsule.oral
vmp,327072003,327072003,0802010G0AAAAAA,Azathioprine 50mg powder for solution for injection vials,Azathioprine 50mg powder for solution for injection vials,solutioninjection.intravenous
vmp,327071005,327071005,0802010G0AAADAD,Azathioprine 25mg tablets,Azathioprine 25mg tablets,tablet.oral
vmp,327070006,327070006,0802010G0AAAEAE,Azathioprine 50mg tablets,Azathioprine 50mg tablets,tablet.oral
vmp,8791311000001100,8791311000001100,0802010G0AAAHAH,Azathioprine 10mg capsules,Azathioprine 10mg capsules,capsule.oral
vmp,8308511000001103,8308511000001103,0802010G0AAAPAP,Azathioprine 50mg/5ml oral solution,Azathioprine 50mg/5ml oral solution,solution.oral
vmp,8308611000001104,8308611000001104,0802010G0AAAQAQ,Azathioprine 40mg/5ml oral suspension,Azathioprine 40mg/5ml oral liquid,suspension.oral
vmp,8308711000001108,8308711000001108,0802010G0AAAQAQ,Azathioprine 40mg/5ml oral solution,Azathioprine 40mg/5ml oral liquid,solution.oral
vmp,8282111000001104,8282111000001104,0802010G0AAARAR,Azathioprine 10mg/5ml oral solution,Azathioprine 10mg/5ml oral liquid,solution.oral
vmp,8282211000001105,8282211000001105,0802010G0AAARAR,Azathioprine 10mg/5ml oral suspension,Azathioprine 10mg/5ml oral liquid,suspension.oral
vmp,8284011000001106,8284011000001106,0802010G0AAASAS,Azathioprine 25mg/5ml oral solution,Azathioprine 25mg/5ml oral solution,solution.oral
vmp,8307811000001104,8307811000001104,0802010G0AAATAT,Azathioprine 75mg/5ml oral suspension,Azathioprine 75mg/5ml oral liquid,suspension.oral
vmp,8307911000001109,8307911000001109,0802010G0AAATAT,Azathioprine 75mg/5ml oral solution,Azathioprine 75mg/5ml oral liquid,solution.oral
vmp,8283111000001105,8283111000001105,0802010G0AAAUAU,Azathioprine 15mg/5ml oral solution,Azathioprine 15mg/5ml oral liquid,solution.oral
vmp,8283211000001104,8283211000001104,0802010G0AAAUAU,Azathioprine 15mg/5ml oral suspension,Azathioprine 15mg/5ml oral liquid,suspension.oral
vmp,8281911000001107,8281911000001107,0802010G0AAAVAV,Azathioprine 100mg/5ml oral solution,Azathioprine 100mg/5ml oral solution,solution.oral
vmp,8283811000001103,8283811000001103,0802010G0AAAWAW,Azathioprine 20mg/5ml oral solution,Azathioprine 20mg/5ml oral solution,solution.oral
vmp,12080411000001105,12080411000001105,0802010G0AAAXAX,Azathioprine 125mg/5ml oral solution,Azathioprine 125mg/5ml oral liquid,solution.oral
vmp,12080511000001109,12080511000001109,0802010G0AAAXAX,Azathioprine 125mg/5ml oral suspension,Azathioprine 125mg/5ml oral liquid,suspension.oral
vmp,8308211000001101,8308211000001101,0802010G0AAAYAY,Azathioprine 5mg/5ml oral suspension,Azathioprine 5mg/5ml oral liquid,suspension.oral
vmp,8308311000001109,8308311000001109,0802010G0AAAYAY,Azathioprine 5mg/5ml oral solution,Azathioprine 5mg/5ml oral liquid,solution.oral
vmp,12211911000001100,12211911000001100,0802010G0AABABA,Azathioprine 45mg/5ml oral suspension,Azathioprine 45mg/5ml oral liquid,suspension.oral
vmp,12221811000001102,12221811000001102,0802010G0AABABA,Azathioprine 45mg/5ml oral solution,Azathioprine 45mg/5ml oral liquid,solution.oral
vmp,12222311000001102,12222311000001102,0802010G0AABBBB,Azathioprine 7mg/5ml oral solution,Azathioprine 7mg/5ml oral liquid,solution.oral
vmp,12222411000001109,12222411000001109,0802010G0AABBBB,Azathioprine 7mg/5ml oral suspension,Azathioprine 7mg/5ml oral liquid,suspension.oral
vmp,8284211000001101,8284211000001101,0802010G0AABCBC,Azathioprine 30mg/5ml oral solution,Azathioprine 30mg/5ml oral liquid,solution.oral
vmp,8308811000001100,8308811000001100,0802010G0AABCBC,Azathioprine 30mg/5ml oral suspension,Azathioprine 30mg/5ml oral liquid,suspension.oral
vmp,8283311000001107,8283311000001107,0802010G0AABDBD,Azathioprine 17.5mg/5ml oral solution,Azathioprine 17.5mg/5ml oral liquid,solution.oral
vmp,8283411000001100,8283411000001100,0802010G0AABDBD,Azathioprine 17.5mg/5ml oral suspension,Azathioprine 17.5mg/5ml oral liquid,suspension.oral
vmp,12097211000001109,12097211000001109,0802010G0AABEBE,Azathioprine 35mg/5ml oral solution,Azathioprine 35mg/5ml oral liquid,solution.oral
vmp,12097311000001101,12097311000001101,0802010G0AABEBE,Azathioprine 35mg/5ml oral suspension,Azathioprine 35mg/5ml oral liquid,suspension.oral
vmp,12211711000001102,12211711000001102,0802010G0AABFBF,Azathioprine 37.5mg/5ml oral solution,Azathioprine 37.5mg/5ml oral liquid,solution.oral
vmp,12211811000001105,12211811000001105,0802010G0AABFBF,Azathioprine 37.5mg/5ml oral suspension,Azathioprine 37.5mg/5ml oral liquid,suspension.oral
vmp,8308011000001106,8308011000001106,0802010G0AABGBG,Azathioprine 60mg/5ml oral suspension,Azathioprine 60mg/5ml oral liquid,suspension.oral
vmp,8308111000001107,8308111000001107,0802010G0AABGBG,Azathioprine 60mg/5ml oral solution,Azathioprine 60mg/5ml oral liquid,solution.oral
vmp,12097011000001104,12097011000001104,0802010G0AABIBI,Azathioprine 200mg/5ml oral solution,Azathioprine 200mg/5ml oral liquid,solution.oral
vmp,12097111000001103,12097111000001103,0802010G0AABIBI,Azathioprine 200mg/5ml oral suspension,Azathioprine 200mg/5ml oral liquid,suspension.oral
vmp,12080611000001108,12080611000001108,0802010G0AABJBJ,Azathioprine 175mg/5ml oral solution,Azathioprine 175mg/5ml oral liquid,solution.oral
vmp,12080711000001104,12080711000001104,0802010G0AABJBJ,Azathioprine 175mg/5ml oral suspension,Azathioprine 175mg/5ml oral liquid,suspension.oral
vmp,12096811000001108,12096811000001108,0802010G0AABKBK,Azathioprine 17mg/5ml oral solution,Azathioprine 17mg/5ml oral liquid,solution.oral
vmp,12096911000001103,12096911000001103,0802010G0AABKBK,Azathioprine 17mg/5ml oral suspension,Azathioprine 17mg/5ml oral liquid,suspension.oral
vmp,8791511000001106,8791511000001106,0802010G0AABPBP,Azathioprine 5mg capsules,Azathioprine 5mg capsules,capsule.oral
vmp,8791411000001107,8791411000001107,0802010G0AABRBR,Azathioprine 30mg capsules,Azathioprine 30mg capsules,capsule.oral
vmp,8282511000001108,8282511000001108,0802010G0AABSBS,Azathioprine 12mg/5ml oral solution,Azathioprine 12mg/5ml oral liquid,solution.oral
vmp,8282611000001107,8282611000001107,0802010G0AABSBS,Azathioprine 12mg/5ml oral suspension,Azathioprine 12mg/5ml oral liquid,suspension.oral
vmp,12221911000001107,12221911000001107,0802010G0AABTBT,Azathioprine 4mg/5ml oral solution,Azathioprine 4mg/5ml oral liquid,solution.oral
vmp,12222011000001100,12222011000001100,0802010G0AABTBT,Azathioprine 4mg/5ml oral suspension,Azathioprine 4mg/5ml oral liquid,suspension.oral
vmp,8282311000001102,8282311000001102,0802010G0AABXBX,Azathioprine 120mg/5ml oral solution,Azathioprine 120mg/5ml oral liquid,solution.oral
vmp,8282411000001109,8282411000001109,0802010G0AABXBX,Azathioprine 120mg/5ml oral suspension,Azathioprine 120mg/5ml oral liquid,suspension.oral
vmp,8282911000001101,8282911000001101,0802010G0AABYBY,Azathioprine 150mg/5ml oral solution,Azathioprine 150mg/5ml oral liquid,solution.oral
vmp,8283011000001109,8283011000001109,0802010G0AABYBY,Azathioprine 150mg/5ml oral suspension,Azathioprine 150mg/5ml oral liquid,suspension.oral
vmp,12222111000001104,12222111000001104,0802010G0AABZBZ,Azathioprine 70mg/5ml oral solution,Azathioprine 70mg/5ml oral liquid,solution.oral
vmp,12222211000001105,12222211000001105,0802010G0AABZBZ,Azathioprine 70mg/5ml oral suspension,Azathioprine 70mg/5ml oral liquid,suspension.oral
vmp,8283511000001101,8283511000001101,0802010G0AACBCB,Azathioprine 2.5mg/5ml oral solution,Azathioprine 2.5mg/5ml oral liquid,solution.oral
vmp,8283611000001102,8283611000001102,0802010G0AACBCB,Azathioprine 2.5mg/5ml oral suspension,Azathioprine 2.5mg/5ml oral liquid,suspension.oral
vmp,12222511000001108,12222511000001108,0802010G0AACCCC,Azathioprine 80mg/5ml oral solution,Azathioprine 80mg/5ml oral liquid,solution.oral
vmp,12222611000001107,12222611000001107,0802010G0AACCCC,Azathioprine 80mg/5ml oral suspension,Azathioprine 80mg/5ml oral liquid,suspension.oral
vmp,8307511000001102,8307511000001102,0802010G0AACDCD,Azathioprine 90mg/5ml oral suspension,Azathioprine 90mg/5ml oral liquid,suspension.oral
vmp,8307711000001107,8307711000001107,0802010G0AACDCD,Azathioprine 90mg/5ml oral solution,Azathioprine 90mg/5ml oral liquid,solution.oral
vmp,8282711000001103,8282711000001103,0802010G0AACECE,Azathioprine 13mg/5ml oral solution,Azathioprine 13mg/5ml oral liquid,solution.oral
vmp,8282811000001106,8282811000001106,0802010G0AACECE,Azathioprine 13mg/5ml oral suspension,Azathioprine 13mg/5ml oral liquid,suspension.oral
vmp,16035911000001102,16035911000001102,0802010G0AACGCG,Azathioprine 250mg/5ml oral solution,Azathioprine 250mg/5ml oral liquid,solution.oral
vmp,16036011000001105,16036011000001105,0802010G0AACGCG,Azathioprine 250mg/5ml oral suspension,Azathioprine 250mg/5ml oral liquid,suspension.oral
vmp,8308411000001102,8308411000001102,0802010G0AACHCH,Azathioprine 50mg/5ml oral suspension,Azathioprine 50mg/5ml oral suspension,suspension.oral
vmp,8284111000001107,8284111000001107,0802010G0AACICI,Azathioprine 25mg/5ml oral suspension,Azathioprine 25mg/5ml oral suspension,suspension.oral
vmp,8282011000001100,8282011000001100,0802010G0AACJCJ,Azathioprine 100mg/5ml oral suspension,Azathioprine 100mg/5ml oral suspension,suspension.oral
vmp,8283911000001108,8283911000001108,0802010G0AACKCK,Azathioprine 20mg/5ml oral suspension,Azathioprine 20mg/5ml oral suspension,suspension.oral
vmp,31002111000001104,31002111000001104,0802010G0AACLCL,Azathioprine 65mg/5ml oral suspension,Azathioprine 65mg/5ml oral suspension,suspension.oral
vmp,327104000,327104000,0802010M0AAAAAA,Mycophenolate mofetil 250mg capsules,Mycophenolate mofetil 250mg capsules,capsule.oral
vmp,327106003,327106003,0802010M0AAABAB,Mycophenolate mofetil 500mg tablets,Mycophenolate mofetil 500mg tablets,tablet.oral
vmp,13000511000001100,13000511000001100,0802010M0AAACAC,Mycophenolate mofetil 250mg/5ml oral suspension,Mycophenolate mofetil 250mg/5ml oral suspension,suspension.oral
vmp,13000611000001101,13000611000001101,0802010M0AAADAD,Mycophenolate mofetil 300mg/5ml oral suspension,Mycophenolate mofetil 300mg/5ml oral suspension,suspension.oral
vmp,13000711000001105,13000711000001105,0802010M0AAAEAE,Mycophenolate mofetil 500mg/5ml oral suspension,Mycophenolate mofetil 500mg/5ml oral suspension,suspension.oral
vmp,13000311000001106,13000311000001106,0802010M0AAAGAG,Mycophenolate mofetil 100mg/5ml oral suspension,Mycophenolate mofetil 100mg/5ml oral suspension,suspension.oral
vmp,327109005,327109005,0802010M0AAAHAH,Mycophenolate mofetil 500mg powder for solution for infusion vials,Mycophenolate mofetil 500mg inf vials,solutioninfusion.intravenous
vmp,13000411000001104,13000411000001104,0802010M0AAAIAI,Mycophenolate mofetil 125mg/5ml oral suspension,Mycophenolate mofetil 125mg/5ml oral suspension,suspension.oral
vmp,4897811000001103,4897811000001103,0802010M0AAAJAJ,Mycophenolate mofetil 1g/5ml oral suspension sugar free,Mycophenolate mofetil 1g/5ml oral suspension sugar free,suspension.oral
vmp,4897811000001103,4897811000001103,0802010M0AAAJAJ,Mycophenolate mofetil 1g/5ml oral suspension sugar free,Mycophenolate mofetil 1g/5ml oral suspension sugar free,suspension.gastroenteral
vmp,36140311000001101,36140311000001101,0802020G0AAAAAA,Ciclosporin 50mg/1ml solution for infusion ampoules,Ciclosporin 50mg/1ml solution for infusion ampoules,solutioninfusion.intravenous
vmp,327082002,327082002,0802020G0AAACAC,Ciclosporin 25mg capsules,Ciclosporin 25mg capsules,capsule.oral
vmp,327083007,327083007,0802020G0AAADAD,Ciclosporin 100mg capsules,Ciclosporin 100mg capsules,capsule.oral
vmp,36139511000001103,36139511000001103,0802020G0AAAEAE,Ciclosporin 250mg/5ml solution for infusion ampoules,Ciclosporin 250mg/5ml solution for infusion ampoules,solutioninfusion.intravenous
vmp,327085000,327085000,0802020G0AAAFAF,Ciclosporin 50mg capsules,Ciclosporin 50mg capsules,capsule.oral
vmp,36139311000001109,36139311000001109,0802020G0AAAGAG,Ciclosporin 100mg/ml oral solution sugar free,Ciclosporin 100mg/ml oral solution sugar free,solution.oral
vmp,327090002,327090002,0802020G0AAAHAH,Ciclosporin 10mg capsules,Ciclosporin 10mg capsules,capsule.oral
vmp,330026007,330026007,1001030F0AAAEAE,Penicillamine 125mg tablets,Penicillamine 125mg tablets,tablet.oral
vmp,330027003,330027003,1001030F0AAAFAF,Penicillamine 250mg tablets,Penicillamine 250mg tablets,tablet.oral
vmp,13005111000001101,13005111000001101,1001030F0AAAIAI,Penicillamine 250mg/5ml oral solution,Penicillamine 250mg/5ml oral solution,solution.oral
vmp,13005011000001102,13005011000001102,1001030F0AAAJAJ,Penicillamine 125mg/5ml oral solution,Penicillamine 125mg/5ml oral solution,solution.oral
vmp,13005211000001107,13005211000001107,1001030F0AAAKAK,Penicillamine 50mg/5ml oral solution,Penicillamine 50mg/5ml oral solution,solution.oral
vmp,33596211000001104,33596211000001104,1001030F0AAALAL,Penicillamine 250mg/5ml oral suspension,Penicillamine 250mg/5ml oral suspension,suspension.oral
vmp,37281111000001101,37281111000001101,1001030F0AAAMAM,Penicillamine gastro-resistant 150mg tablets,Penicillamine gastro-resistant 150mg tablets,tabletgastro-resistant.oral
vmp,37281511000001105,37281511000001105,1001030F0AAANAN,Penicillamine gastro-resistant 300mg tablets,Penicillamine gastro-resistant 300mg tablets,tabletgastro-resistant.oral
vmp,330057007,330057007,1001030L0AAAAAA,Leflunomide 10mg tablets,Leflunomide 10mg tablets,tablet.oral
vmp,330058002,330058002,1001030L0AAABAB,Leflunomide 20mg tablets,Leflunomide 20mg tablets,tablet.oral
vmp,330059005,330059005,1001030L0AAACAC,Leflunomide 100mg tablets,Leflunomide 100mg tablets,tablet.oral
vmp,24408011000001101,24408011000001101,1001030L0AAADAD,Leflunomide 15mg tablets,Leflunomide 15mg tablets,tablet.oral
